epoch,total,cell,neighborhood,cell_recon,niche_recon,cell_vq,niche_vq,cell_perplexity,neighborhood_perplexity,cell_active_codes,neighborhood_active_codes,cell_usage_gini,neighborhood_usage_gini,cell_usage_entropy_norm,neighborhood_usage_entropy_norm,learning_rate,grad_norm,val_total,epoch_seconds,cells_per_second
1,4.443679852145059,1.027779829289232,3.4159000303064073,0.4969712011516094,0.3757135900003569,0.5308086212192263,3.040186439773866,6.64660832285881,2.0575510816914693,256.0,32.0,0.956092041220179,0.835761729946642,0.36638036358826825,0.5539455889316987,0.0003,748.2679411215441,,2.28,49735.84
2,3.153731937919344,0.38336367692266193,2.770368265254157,0.32020099620733944,0.3112065462129457,0.06316267865310822,2.45916172010558,2.5301201279674257,3.035471192428044,20.0,11.0,0.9837724139546677,0.9065912047448956,0.30333823777882685,0.37817818457365115,0.0003,3.167257231261049,,1.726,65708.71
3,1.964418032339641,0.3136419323938234,1.6507761073963982,0.27180845396859304,0.2951767295598984,0.041833479955260246,1.355599386351449,2.6167059370449612,6.693220113004957,25.0,9.0,0.9845833264430921,0.820731633373021,0.28513106350753087,0.5504691825986798,0.0003,0.9457237350621394,,1.712,66241.45
4,1.8561100299869264,0.2911748859499182,1.564935149891036,0.2583378681114742,0.2881496958434582,0.03283701757235186,1.2767854503222875,2.901802742055484,8.099163327898298,11.0,9.0,0.9827730533690524,0.7849778961061868,0.31611042554103563,0.6067991736279836,0.0003,0.49668985711676733,,1.708,66403.61
5,1.8417662850448064,0.2811368006680693,1.5606294785227095,0.2527835440954992,0.2827614870454584,0.028353258767830476,1.2778679898806982,4.6895171616758615,8.41490536076682,8.0,9.0,0.9833102165740619,0.7709725162058474,0.30532944310174626,0.615471832632432,0.0003,0.3372534198154296,,1.712,66248.27
6,1.8321693284170968,0.2759594145630087,1.5562099197081156,0.2495301411088024,0.278245923774583,0.026429273953129138,1.2779640001910073,4.976035841873714,8.449230228151594,9.0,9.0,0.9824255785046523,0.7709780283988181,0.31254137216238675,0.6165675497997617,0.0003,0.37973658574212876,,1.734,65405.26
7,1.7539718129805155,0.27227683365345,1.4816949835845403,0.2465581311179059,0.2748980053833553,0.025718702069882835,1.2067969696862357,2.724039384296962,8.913953355380468,7.0,11.0,0.9913624969682939,0.7571076972262645,0.18201878403872365,0.6382742446350785,0.0003,0.4063189286472542,,1.708,66392.24
8,1.584921685712678,0.27043719749365536,1.3144844962017876,0.2469602714159659,0.27381063412342754,0.023476925312674472,1.0406738530312265,5.373270605291639,9.085301407745906,9.0,17.0,0.9815297093420647,0.7096614962296599,0.3116679892302123,0.7098460234949189,0.0003,1.5055326239338942,,1.711,66277.73
9,1.2170360279934747,0.2691011806683881,0.9479348499860082,0.24565178262335913,0.27352058195642065,0.023449399042874575,0.6744142706905093,5.941292081560407,11.624734912599836,13.0,25.0,0.9808132620606782,0.6250647682674075,0.3326466177715523,0.7861027559677848,0.0003,2.0603514090180397,,1.711,66256.42
10,0.9864262778844152,0.2672935112246445,0.7191327629344804,0.24170480801590852,0.27129512652754784,0.025588700281722204,0.4478376364069326,22.161932110786438,17.14427658489772,206.0,29.0,0.9187851746813953,0.5370819001631608,0.5205300890860779,0.8547625386309736,0.0003,2.0746617998395647,,1.717,66034.64
11,0.7798901860203061,0.2625546612377678,0.5173355282417366,0.2381408547184297,0.26828310425792423,0.024413805588015487,0.24905242478208883,55.09180586678641,21.867382322038925,175.0,30.0,0.7769758800216078,0.4275893526480574,0.780596967844274,0.9044735231935728,0.0003,1.284485858465944,,1.714,66151.5
12,0.6687606956277575,0.25357724646372454,0.41518344996230944,0.23623128022466386,0.267468056508473,0.01734596597296851,0.14771539425211294,62.05431522641863,24.482166290283203,170.0,32.0,0.7940936507805265,0.34061631829607086,0.7613670596175638,0.9372928065182505,0.0003,1.002250783677612,,1.723,65825.25
13,0.5736308459724698,0.24948185735515185,0.32414899127823965,0.2349317954587085,0.26800152552979334,0.014550061098166875,0.056147466214107614,83.67637320927211,27.454755340303695,179.0,32.0,0.7288743481831812,0.27475994399611947,0.8116053592224621,0.9591692077172754,0.0003,0.9886662688638482,,1.713,66187.2
14,0.5472926401666233,0.24499519648296492,0.3022974378296307,0.2336704350475754,0.26818133145570755,0.011324762366712093,0.0341161062741386,85.61210754939488,29.130125624792917,170.0,32.0,0.7206112953102262,0.21321906557304748,0.8185243371215968,0.9764525378130339,0.0003,1.0500427862363202,,1.708,66396.93
15,0.5335203579493931,0.24153270492596285,0.29198765595044407,0.2323112235005413,0.2680214526397841,0.009221481358898538,0.023966203975890363,80.18584087916783,29.5962267603193,189.0,32.0,0.7124429143515456,0.18235684834854693,0.8209310386974049,0.9800366709424099,0.0003,0.8109149517757552,,1.72,65933.35
16,0.5260039120912552,0.23915943609816687,0.28684447705745697,0.2309460070516382,0.2674640975892544,0.008213430194051139,0.019380379168848907,83.74248041425433,30.067940371377126,194.0,32.0,0.7258157012060678,0.16028051550028666,0.8124057978982477,0.9845592746281115,0.0003,0.7240732769880976,,1.71,66303.59
17,0.520154570894582,0.23805197700858116,0.2821025922894478,0.229585946138416,0.266680048512561,0.008466030994895846,0.015422542113810778,96.44355010986328,30.7929402078901,199.0,32.0,0.686261100178595,0.13322612118005028,0.8373910142015389,0.9914213289540308,0.0003,0.879911762795278,,1.718,65988.98
18,0.5155333929828235,0.2361391553921359,0.27939423865505625,0.22861901191728456,0.2661164610513619,0.007520143516428236,0.013277777345917587,105.54977090018136,30.9889714717865,218.0,32.0,0.6361772459430259,0.117351556643295,0.8643652496953843,0.993194549540113,0.0003,0.8899210765957832,,1.722,65857.24
19,0.5133847610226699,0.2366000296814101,0.2767847329378128,0.22754713440580027,0.26532734451549395,0.009052894552171762,0.011457387599096234,103.2033166885376,31.091568810599192,231.0,32.0,0.6385691242779028,0.10536253693169284,0.8614387672243037,0.9939706314993209,0.0003,0.7317615997578416,,1.712,66217.05
20,0.5131257080606052,0.23782602378300258,0.2752996842776026,0.2266898120620421,0.26447260699101854,0.011136212219883288,0.010827078641990997,117.11405304500035,31.264630930764334,214.0,32.0,0.6140847899303259,0.09205169334568075,0.8719344687324275,0.995693982217526,0.0003,0.9133839091019971,,1.71,66298.6
21,0.5111775978335312,0.23716476453202112,0.2740128295762198,0.22636199609509536,0.2638700726841177,0.010802768370402711,0.010142756152033274,126.20754500797817,31.365396533693588,226.0,32.0,0.576015380396437,0.08399011112581034,0.8909100670100784,0.9965853647803065,0.0003,1.0122540449457509,,1.702,66633.93
22,0.50985362008214,0.2369264191282647,0.27292719962341444,0.2256948897348983,0.26307670559201923,0.011231530091858335,0.009850495578055935,132.490681375776,31.433642830167496,229.0,32.0,0.5572852242911319,0.07527643647748827,0.894113735838814,0.9973467545649248,0.0003,0.9883316962846688,,1.716,66083.67
23,0.5093561006443841,0.23723935628575937,0.27211674196379526,0.22518449782260827,0.2621683393205915,0.012054858097274388,0.009948403075603502,136.29019151415145,31.478847537721908,231.0,32.0,0.5458948976385765,0.07023829210212984,0.8976346636094132,0.9977220008717321,0.0003,0.968505572527647,,1.707,66425.58
24,0.5103976806359631,0.23768043890595436,0.2727172433265618,0.22472793901605265,0.2609756163188389,0.012952500471978315,0.01174162668342303,148.33853885105677,31.416274309158325,233.0,32.0,0.5023585640186092,0.07697915288618429,0.9148779095988424,0.9972201551087201,0.0003,1.2182644712073463,,1.709,66331.46
25,0.5121874968920436,0.23899325063186033,0.2731942465262754,0.22443946743650095,0.26030530674116953,0.014553782846113401,0.012888938587691103,158.92833736964636,31.327712603977748,238.0,32.0,0.46536203394408426,0.08428335979185952,0.927238691419347,0.9964796140998214,0.0003,1.2269083665949958,,1.704,66531.86
26,0.5142020237232957,0.23972000660640852,0.2744820144559656,0.22413662741226809,0.26015772191541536,0.015583379410340317,0.014324291442920054,167.3719209943499,31.21128593172346,248.0,32.0,0.43398263521409364,0.08998296732372002,0.9375601137367954,0.9955826906335,0.0003,1.4095298796892166,,1.705,66489.62
27,0.5141445132238525,0.239699322996395,0.27444519315447125,0.22374820416527136,0.2599810431046145,0.015951120660507252,0.01446415004985673,179.79757118225098,31.208608763558523,249.0,32.0,0.39575123610927365,0.08943450412312037,0.9491762725762234,0.9953038441488429,0.0003,1.2174244331462043,,1.72,65932.18
28,0.5167350055915969,0.2406316553907735,0.27610335126519203,0.2235144523105451,0.25968506027545246,0.017117202913920795,0.01641829007504774,188.42841965811593,31.239392621176584,250.0,32.0,0.357788074094898,0.09076294262909546,0.9578170116110395,0.99560321837804,0.0003,1.2686963177153043,,1.741,65134.45
29,0.5188891919595855,0.2422132207346814,0.27667597361973356,0.2232944169746978,0.2595529114561422,0.01891880400944501,0.017123063510682966,193.1358598981585,31.320242200578964,253.0,32.0,0.33473801235833656,0.08446085240552104,0.9623174411551377,0.9964614278047494,0.0003,1.1865969789879662,,1.727,65671.77
30,0.518384864287717,0.24266532728714602,0.27571953726666315,0.22309357672929764,0.2593903908772128,0.01957175145590944,0.016329145058989525,198.38030760628837,31.408150059836252,252.0,32.0,0.31498369079904753,0.07997502976584214,0.9668091278991571,0.9969772238503044,0.00015,1.0007951578923635,,1.722,65830.9
